INSERT INTO BODY_TYPE VALUES
('S', 'Star'),
('P', 'Planet'),
('M', 'Moon');

INSERT INTO UNIT_MEASURE (METRIC_CODE, DESCRIPTION) VALUES
('m/s^2', 'Meters per Second Squared'),
('K', 'Kelvin'),
('d', 'Degrees'),
('km', 'Kilometers'),
('h', 'Hours'),
('kg', 'Kilograms'),
('T', 'Tesla'),
('km/s', 'Kilometers per Second'),
('W', 'Watts'),
('Da', 'Days');

INSERT INTO CELESTIALBODY (CELESTIALBODY_ID, BODYTYPE_ID, MASS, MASS_UNIT) VALUES
('CB001', 'S', 3.846e26, 'kg'),
('CB002', 'S', 5.79e26, 'kg'),
('CB003', 'S', 6.35e26, 'kg'),
('CB004', 'S', 1.04e32, 'kg'),
('CB005', 'S', 2.02e30, 'kg'),
('CB006', 'S', 2.42e24, 'kg'),
('CB007', 'S', 4.3e28, 'kg'),
('CB008', 'S', 2.92e31, 'kg'),
('CB009', 'S', 3.29e31, 'kg'),
('CB010', 'S', 1.46e32, 'kg'),
('CB011', 'S', 4.28e31, 'kg'),
('CB012', 'S', 2.28e32, 'kg'),
('CB013', 'S', 6.63e31, 'kg'),
('CB014', 'S', 1.11e31, 'kg'),
('CB015', 'S', 1.04e32, 'kg'),
('CB016', 'S', 1.79e29, 'kg'),
('CB017', 'S', 2.85e32, 'kg'),
('CB018', 'S', 2.58e31, 'kg'),
('CB019', 'S', 1.62e31, 'kg'),
('CB020', 'S', 1.25e31, 'kg'),
('CB021', 'P', 3.3011e23, 'kg'),
('CB022', 'P', 4.8675e24, 'kg'),
('CB023', 'P', 5.972e24, 'kg'),
('CB024', 'P', 6.4171e23, 'kg'),
('CB025', 'P', 1.8982e27, 'kg'),
('CB026', 'P', 5.683e26, 'kg'),
('CB027', 'P', 8.681e25, 'kg'),
('CB028', 'P', 1.024e26, 'kg'),
('CB029', 'P', 1.303e22, 'kg'),
('CB030', 'M', 7.342e22, 'kg'),
('CB031', 'M', 1.072e16, 'kg'),
('CB032', 'M', 1.4762e15, 'kg'),
('CB033', 'M', 8.93e22, 'kg'),
('CB034', 'M', 4.8e22, 'kg'),
('CB035', 'M', 1.4819e23, 'kg'),
('CB036', 'M', 1.075e23, 'kg'),
('CB037', 'M', 1.3455e23, 'kg'),
('CB038', 'M', 1.805e21, 'kg'),
('CB039', 'M', 6.59e19, 'kg'),
('CB040', 'M', 2.14e22, 'kg'),
('CB041', 'M', 1.586e21, 'kg'),
('CB042', 'M', 8.2928e18, 'kg'),
('CB043', 'M', 1.0954e21, 'kg'),
('CB044', 'M', 3.076e21, 'kg'),
('CB045', 'M', 3.527e21, 'kg'),
('CB046', 'M', 1.275e21, 'kg'),
('CB047', 'M', 1.352e21, 'kg'),
('CB048', 'M', 1.08022e19, 'kg'),
('CB049', 'M', 2.306e21, 'kg');

INSERT INTO STAR (STAR_ID, NAME, CELESTIALBODY_ID, SPECTRALTYPE, LUMINOSITY, LUMINOSITY_UNIT, SOLARWINDSPEED, SOLARWINDSPEED_UNIT) VALUES
('S0001', 'Sun', 'CB001', 'G2V', 3.846e26, 'W', 400, 'km/s'),
('S0002', 'Alpha Centauri A', 'CB002', 'G2V', 5.79e26, 'W', 550, 'km/s'),
('S0003', 'Alpha Centauri B', 'CB003', 'G2V', 6.35e26, 'W', 480, 'km/s'),
('S0004', 'Betelgeuse', 'CB004', 'M2Iab', 1.04e32, 'W', 1500, 'km/s'),
('S0005', 'Sirius', 'CB005', 'A1V', 2.02e30, 'W', 600, 'km/s'),
('S0006', 'Proxima Centauri', 'CB006', 'M5.5Ve', 2.42e24, 'W', 1200, 'km/s'),
('S0007', 'Vega', 'CB007', 'A0V', 4.3e28, 'W', 700, 'km/s'),
('S0008', 'Antares', 'CB008', 'M1.5Iab', 2.92e31, 'W', 800, 'km/s'),
('S0009', 'Polaris', 'CB009', 'F7Ib', 3.29e31, 'W', 650, 'km/s'),
('S0010', 'Rigel', 'CB010', 'B8Ia', 1.46e32, 'W', 800, 'km/s'),
('S0011', 'Canopus', 'CB011', 'A9II', 4.28e31, 'W', 850, 'km/s'),
('S0012', 'Arcturus', 'CB012', 'K0III', 2.28e32, 'W', 500, 'km/s'),
('S0013', 'Achernar', 'CB013', 'B6Vep', 6.63e31, 'W', 700, 'km/s'),
('S0014', 'Aldebaran', 'CB014', 'K5III', 1.11e31, 'W', 550, 'km/s'),
('S0015', 'Betelgeuse', 'CB015', 'M2Iab', 1.04e32, 'W', 1500, 'km/s'),
('S0016', 'Altair', 'CB016', 'A7V', 1.79e29, 'W', 800, 'km/s'),
('S0017', 'Deneb', 'CB017', 'A2Ia', 2.85e32, 'W', 1200, 'km/s'),
('S0018', 'Acrux', 'CB018', 'B0.5IV', 2.58e31, 'W', 900, 'km/s'),
('S0019', 'Albireo', 'CB019', 'K3II', 1.62e31, 'W', 600, 'km/s'),
('S0020', 'Achird', 'CB020', 'K3III', 1.25e31, 'W', 700, 'km/s');

INSERT INTO PLANET VALUES
('P0001', 'Mercury', 'CB021', 'S0001', 0.03, 'd', 57.9e6, 'km', 1407.6, 'h', 87.97, 'Da'),
('P0002', 'Venus', 'CB022', 'S0001', 177.4, 'd', 108.2e6, 'km', -5832.5, 'h', 224.7, 'Da'),
('P0003', 'Earth', 'CB023', 'S0001', 23.5, 'd', 149.6e6, 'km', 24.0, 'h', 365.25, 'Da'),
('P0004', 'Mars', 'CB024', 'S0001', 25.2, 'd', 227.9e6, 'km', 24.6, 'h', 687.0, 'Da'),
('P0005', 'Jupiter', 'CB025', 'S0001', 3.1, 'd', 778.3e6, 'km', 9.9, 'h', 4331, 'Da'),
('P0006', 'Saturn', 'CB026', 'S0001', 26.7, 'd', 1.42e9, 'km', 10.7, 'h', 10747, 'Da'),
('P0007', 'Uranus', 'CB027', 'S0001', 97.8, 'd', 2.87e9, 'km', -17.2, 'h', 30589, 'Da'),
('P0008', 'Neptune', 'CB028', 'S0001', 28.3, 'd', 4.5e9, 'km', 16.1, 'h', 59800, 'Da'),
('P0009', 'Pluto', 'CB029', 'S0001', 122.5, 'd', 5.91e9, 'km', -153.3, 'h', 90560, 'Da');

INSERT INTO MOON (MOON_ID, NAME, CELESTIALBODY_ID, PARENTPLANET_ID, ORBITALDISTANCEFROMPLANET, ORBITALDISTANCEFROMPLANET_UNIT) VALUES
('M0001', 'Moon', 'CB030', 'P0003', 384400, 'km'),
('M0002', 'Phobos', 'CB031', 'P0004', 9378, 'km'),
('M0003', 'Deimos', 'CB032', 'P0004', 23460, 'km'),
('M0004', 'Io', 'CB033', 'P0005', 421700, 'km'),
('M0005', 'Europa', 'CB034', 'P0005', 671034, 'km'),
('M0006', 'Ganymede', 'CB035', 'P0005', 1070412, 'km'),
('M0007', 'Callisto', 'CB036', 'P0005', 1882709, 'km'),
('M0008', 'Titan', 'CB037', 'P0006', 1221870, 'km'),
('M0009', 'Iapetus', 'CB038', 'P0006', 3560863, 'km'),
('M0010', 'Miranda', 'CB039', 'P0007', 129390, 'km'),
('M0011', 'Triton', 'CB040', 'P0008', 354759, 'km'),
('M0012', 'Charon', 'CB041', 'P0009', 19591, 'km'),
('M0013', 'Phoebe', 'CB042', 'P0009', 12947924, 'km'),
('M0014', 'Dione', 'CB043', 'P0009', 377415, 'km');

INSERT INTO SURFACE_FEATURES (SURFACEFEATURE_ID, DESCRIPTION) VALUES
('SF001', 'Crater'),
('SF002', 'Ridge'),
('SF003', 'Valley'),
('SF004', 'Plain'),
('SF005', 'Mountain');

INSERT INTO MOON_SURFACEFEATURES (MOON_ID, SURFACEFEATURE_ID) VALUES
('M0001', 'SF001'),
('M0001', 'SF002'),
('M0001', 'SF003'),
('M0002', 'SF004'),
('M0003', 'SF005'),
('M0005', 'SF001'),
('M0005', 'SF003'),
('M0006', 'SF002'),
('M0006', 'SF004'),
('M0012', 'SF005'),
('M0013', 'SF001'),
('M0013', 'SF004');

INSERT INTO PHYSICAL_PROPERTIES_DESCR (PROPERTY_SYMBOL, DESCRIPTION) VALUES
('G', 'Gravity'),
('M', 'Magnetic Field Strength'),
('D', 'Diameter');

INSERT INTO PHYSICAL_PROPERTIES (PROPERTY_SYMBOL, CELESTIALBODY_ID, PROPERTYVALUE, PROPERTY_METRIC) VALUES
('G', 'CB021', 3.7, 'm/s^2'),
('G', 'CB022', 8.87, 'm/s^2'),
('G', 'CB023', 9.81, 'm/s^2'),
('G', 'CB024', 3.71, 'm/s^2'),
('G', 'CB025', 24.79, 'm/s^2'),
('G', 'CB026', 10.44, 'm/s^2'),
('G', 'CB027', 8.69, 'm/s^2'),
('G', 'CB028', 11.15, 'm/s^2'),
('G', 'CB029', 0.62, 'm/s^2'),
('M', 'CB021', 3.1e-9, 'T'),
('M', 'CB022', 4.3e-9, 'T'),
('M', 'CB023', 5.3e-5, 'T'),
('M', 'CB024', 2.4e-9, 'T'),
('M', 'CB025', 4.2e-7, 'T'),
('M', 'CB026', 4.2e-7, 'T'),
('M', 'CB027', 5.7e-6, 'T'),
('M', 'CB028', 1.0e-7, 'T'),
('M', 'CB029', 1.0e-11, 'T'),
('D', 'CB021', 4879, 'km'),
('D', 'CB022', 12104, 'km'),
('D', 'CB023', 12742, 'km'),
('D', 'CB024', 6779, 'km'),
('D', 'CB025', 139820, 'km'),
('D', 'CB026', 116460, 'km'),
('D', 'CB027', 50724, 'km'),
('D', 'CB028', 49244, 'km'),
('D', 'CB029', 2370, 'km');

INSERT INTO ELEMENT VALUES
('Ac','Actinium',89),
('Al','Aluminum',13),
('Am','Americium',95),
('Sb','Antimony',51),
('Ar','Argon',18),
('As','Arsenic',33),
('At','Astatine',85),
('Ba','Barium',56),
('Bk','Berkelium',97),
('Be','Beryllium',4),
('Bi','Bismuth',83),
('B','Boron',5),
('Br','Bromine',35),
('Cd','Cadmium',48),
('Ca','Calcium',20),
('Cf','Californium',98),
('C','Carbon',6),
('Ce','Cerium',58),
('Cs','Cesium',55),
('Cl','Chlorine',17),
('Cr','Chromium',24),
('Co','Cobalt',27),
('Cu','Copper',29),
('Cm','Curium',96),
('Dy','Dysprosium',66),
('Es','Einsteinium',99),
('Er','Erbium',68),
('Eu','Europium',63),
('Fm','Fermium',100),
('F','Flourine',9),
('Fr','Francium',87),
('Gd','Gadolinium',64),
('Ga','Gallium',31),
('Ge','Germanium',32),
('Au','Gold',79),
('Hf','Hafnium',72),
('Db','Dubnium',105),
('Hs','Hassium',108),
('He','Helium',2),
('Ho','Holmium',67),
('H','Hydrogen',1),
('In','Indium',49),
('I','Iodine',53),
('Ir','Iridium',77),
('Fe','Iron',26),
('Kr','Krypton',36),
('La','Lanthanum',57),
('Lr','Lawrencium',103),
('Pb','Lead',82),
('Li','Lithium',3),
('Lu','Lutetium',71),
('Mg','Magnesium',12),
('Mn','Manganese',25),
('Mt','Meitnerium',109),
('Md','Mendelevium',101),
('Hg','Mercury',80),
('Mo','Molybdenum',42),
('Ns','Neilsborium',107),
('Nd','Neodymium',60),
('Ne','Neon',10),
('Np','Neptunium',93),
('Ni','Nickel',28),
('Nb','Niobium',41),
('N','Nitrogen',7),
('No','Nobelium',102),
('Os','Osmium',76),
('O','Oxygen',8),
('Pd','Palladium',46),
('P','Phosphorus',15),
('Pt','Platinum',78),
('Pu','Plutonium',94),
('Po','Polonium',84),
('K','Potassium',19),
('Pr','Praseodymium',59),
('Pm','Promethium',61),
('Pa','Protactinium',91),
('Ra','Radium',88),
('Rn','Radon',86),
('Re','Rhenium',75),
('Rh','Rhodium',45),
('Rb','Rubidium',37),
('Ru','Ruthenium',44),
('Rf','Rutherfordium',104),
('Sm','Samarium',62),
('Sc','Scandium',21),
('Sg','Seaborgium',106),
('Se','Selenium',34),
('Si','Silicon',14),
('Ag','Silver',47),
('Na','Sodium',11),
('Sr','Strontium',38),
('S','Sulfur',16),
('Ta','Tantalum',73),
('Tc','Technetium',43),
('Te','Tellurium',52),
('Tb','Terbium',65),
('Tl','Thalium',81),
('Th','Thorium',90),
('Tm','Thulium',69),
('Sn','Tin',50),
('Ti','Titanium',22),
('W','Tungsten',74),
('U','Uranium',92),
('V','Vanadium',23),
('Xe','Xenon',54),
('Yb','Ytterbium',70),
('Y','Yttrium',39),
('Zn','Zinc',30),
('Zr','Zirconium',40);

INSERT INTO ELEMENT_OCURRENCE (CELESTIALBODY_ID, SYMBOL, ABUNDANCE_PERCENTAGE) VALUES
('CB021', 'Fe', 35),
('CB021', 'Si', 30),
('CB021', 'O', 25),
('CB022', 'Si', 29),
('CB022', 'Na', 24),
('CB022', 'Al', 21),
('CB023', 'O', 29),
('CB023', 'Si', 15),
('CB023', 'Al', 13),
('CB024', 'Fe', 16),
('CB024', 'Al', 15),
('CB024', 'Ca', 12),
('CB025', 'H', 75),
('CB025', 'He', 24),
('CB026', 'H', 96),
('CB026', 'He', 3),
('CB027', 'H', 83),
('CB027', 'He', 15),
('CB028', 'H', 80),
('CB028', 'He', 19),
('CB029', 'N', 98),
('CB029', 'CO', 0.6),
('CB030', 'Fe', 35),
('CB030', 'Si', 30),
('CB030', 'O', 25),
('CB031', 'Si', 29),
('CB031', 'Na', 24),
('CB031', 'Al', 21),
('CB032', 'O', 29),
('CB032', 'Si', 15),
('CB032', 'Al', 13),
('CB033', 'Fe', 16),
('CB033', 'Al', 15),
('CB033', 'Ca', 12),
('CB034', 'H', 75),
('CB034', 'He', 24),
('CB035', 'H', 96),
('CB035', 'He', 3),
('CB036', 'H', 83),
('CB036', 'He', 15),
('CB037', 'H', 80),
('CB037', 'He', 19),
('CB038', 'N', 98),
('CB038', 'CO', 0.6),
('CB001', 'H', 74),
('CB001', 'He', 24),
('CB001', 'O', 0.6),
('CB001', 'C', 0.3),
('CB001', 'Ne', 0.1),
('CB001', 'N', 0.1),
('CB001', 'Si', 0.07),
('CB001', 'Mg', 0.05),
('CB001', 'Fe', 0.03),
('CB001', 'S', 0.02);

INSERT INTO POWERSOURCE (POWERSOURCE_ID, DESCRIPTION) VALUES
('S', 'Solar'),
('N', 'Nuclear'),
('B', 'Battery');

INSERT INTO SPACECRAFT (SPACECRAFT_ID, NAME, POWERSOURCE_ID) VALUES
('SC001', 'Apollo 10 Lunar Module', 'S'),
('SC002', 'Viking 1 Orbiter', 'N'),
('SC003', 'Cassini Orbiter', 'N'),
('SC004', 'New Horizons Probe', 'B');

INSERT INTO ADDRESS_TYPE VALUES
('S', 'Street'),
('R', 'Road');

INSERT INTO ZIPCODE VALUES
(20546, 'D.C.', 'Washington', 'USA'),
(45741, 'Paris', 'Paris', 'France'),
(560094, 'Antariksh Bhavan', 'Antariksh Bhavan', 'India'),
(1018008, 'Chofu', 'Tokyo', 'Japan'),
(107996, 'Korolev', 'Moscow', 'Russia');

INSERT INTO ADDRESS (ADDRESS_ID, TYPE_ID, NAME, NUMBER, ZIPCODE, COUNTRY) VALUES
(1, 'S', 'E St SW', 300, 20546, 'USA'),
(2, 'S', 'Rue Mario Nikis CS', 10, 45741, 'France'),
(3, 'R', 'Antariksh Bhavan', NULL, 560094, 'India'),
(4, 'S', 'Kandasurugadai', 4, 1018008, 'Japan'),
(5, 'S', 'Schepkina', 42, 107996, 'Russia');

INSERT INTO LOCATION_TYPE VALUES
('H', 'Headquarter'),
('S', 'Space Station');

INSERT INTO LOCATION VALUES
(1234567890123, 'H', 1),
(2345678901234, 'H', 2),
(3456789012345, 'H', 3),
(4567890123456, 'H', 4),
(5678901234567, 'H', 5);

INSERT INTO PHONES (LOCATION_ID, NUMSEQ, EXTERNAL, INTERNAL, DESCRIPTION) VALUES
(1234567890123, 1, '+123456789', '1234', 'Chairman'),
(2345678901234, 1, '+987654321', '5678', 'Chairman'),
(3456789012345, 1, '+111223344', '4321', 'Chairman'),
(4567890123456, 1, '+999888777', '8765', 'Chairman'),
(5678901234567, 1, '+444555666', '1357', 'Chairman');

INSERT INTO SPACE_AGENCY (AGENCY_ID, NAME, LOCATION_ID) VALUES
('SA001', 'NASA', 1234567890123),
('SA002', 'ESA', 2345678901234),
('SA003', 'ISRO', 3456789012345),
('SA004', 'JAXA', 4567890123456),
('SA005', 'Roscosmos', 5678901234567);

INSERT INTO MISSIONTYPE (MISSIONTYPE_ID, DESCRIPTION) VALUES
('L', 'Landing'),
('O', 'Orbital'),
('U', 'Unmanned'),
('R', 'Rover');

INSERT INTO MISSION VALUES
('M0001', 'Apollo 10', '1969-05-18', '1969-05-26','O', 'CB023', 'SA002', 'SC001'),
('M0002', 'Viking 1', '1975-08-20', '1980-08-07','O', 'CB024', 'SA002', 'SC001'),
('M0003', 'Mariner 4', '1964-11-28', '1967-12-20', 'O', 'CB024', 'SA003', 'SC002'),
('M0004', 'Voyager 1', '1977-09-05', NULL, 'U', 'CB025', 'SA004', 'SC002'),
('M0005', 'Cassini', '1997-10-15', '2017-09-15', 'O', 'CB026', 'SA005', 'SC003'),
('M0006', 'New Horizons', '2006-01-19', NULL, 'U', 'CB001', 'SA001', 'SC004'),
('M0007', 'Mars Reconnaissance Orbiter', '2005-08-12', NULL,'O', 'CB024', 'SA001', 'SC003');

INSERT INTO EXPERTISEAREA (EXPERTISEAREA_ID, DESCRIPTION) VALUES
('AS', 'Astrophysics'),
('PH', 'Planetary Science'),
('MA', 'Mars Exploration'),
('SS', 'Space Science');

INSERT INTO SCIENTIST (SCIENTIST_ID, FIRSTNAME, LASTNAME, EXPERTISEAREA) VALUES
('SCI01', 'Neil', 'Armstrong', 'AS'),
('SCI02', 'John', 'Crichton', 'AS'),
('SCI03', 'Samantha', 'Carter', 'AS'),
('SCI04', 'Carl', 'Sagan', 'AS'),
('SCI05', 'Carolyn', 'Porco', 'AS'),
('SCI06', 'Alan', 'Stern', 'AS'),
('SCI07', 'Michael', 'Watkins', 'SS');

INSERT INTO MISSIONSCIENTIST (MISSION_ID, SCIENTIST_ID) VALUES
('M0001', 'SCI01'),
('M0001', 'SCI02'),
('M0002', 'SCI03'),
('M0002', 'SCI04'),
('M0003', 'SCI05'),
('M0003', 'SCI06'),
('M0004', 'SCI07'),
('M0005', 'SCI01'),
('M0005', 'SCI04'),
('M0006', 'SCI02'),
('M0006', 'SCI06'),
('M0007', 'SCI03'),
('M0007', 'SCI05');
